{
  "BL-1829": {
    "failure_aligned": {
      "CH-DRA_PROC_AIR:IT18179.MEAS": {
        "n_windows": 5,
        "window_stats": {
          "24h": {
            "avg_mean": 475.99215825166675,
            "avg_std": 0.872460210066231,
            "n_failures": 5
          },
          "72h": {
            "avg_mean": 475.19380694206393,
            "avg_std": 5.360945633224993,
            "n_failures": 5
          },
          "168h": {
            "avg_mean": 472.40614382913463,
            "avg_std": 24.64375699945487,
            "n_failures": 5
          }
        }
      },
      "CH-DRA_PROC_AIR:TT18179A.MEAS": {
        "n_windows": 6,
        "window_stats": {
          "24h": {
            "avg_mean": 24.83808106240625,
            "avg_std": 3.2032773713260965,
            "n_failures": 6
          },
          "72h": {
            "avg_mean": 24.305839855064814,
            "avg_std": 4.562977380973126,
            "n_failures": 6
          },
          "168h": {
            "avg_mean": 23.248485495099107,
            "avg_std": 4.691875240700054,
            "n_failures": 6
          }
        }
      },
      "CH-DRA_PROC_AIR:TT18179B.MEAS": {
        "n_windows": 6,
        "window_stats": {
          "24h": {
            "avg_mean": 14.495288324671298,
            "avg_std": 2.2631502257337206,
            "n_failures": 6
          },
          "72h": {
            "avg_mean": 15.096338642735722,
            "avg_std": 3.2322363274161674,
            "n_failures": 6
          },
          "168h": {
            "avg_mean": 13.898558313625648,
            "avg_std": 3.591197843351871,
            "n_failures": 6
          }
        }
      },
      "CH-DRA_PROC_AIR:TT18179C.MEAS": {
        "n_windows": 6,
        "window_stats": {
          "24h": {
            "avg_mean": 76.84590053686345,
            "avg_std": 2.634111892095198,
            "n_failures": 6
          },
          "72h": {
            "avg_mean": 77.28402338457178,
            "avg_std": 4.051597545867901,
            "n_failures": 6
          },
          "168h": {
            "avg_mean": 75.22196707225494,
            "avg_std": 5.005733922309706,
            "n_failures": 6
          }
        }
      }
    },
    "temporal_structure": {
      "CH-DRA_PROC_AIR:IT18179.MEAS": {
        "n_points": 131656,
        "mean": 442.2831205895283,
        "std": 112.05975067642923,
        "min": -1.155131221,
        "max": 517.5646973,
        "acf": [
          1.0,
          0.9621812297544967,
          0.9408296639962006,
          0.9233795015560048,
          0.9061925973928149,
          0.891540504436481,
          0.8773529099000872,
          0.8651965683521377,
          0.8520602262116796,
          0.8405786400606485,
          0.8291638921489339,
          0.8170976355048756,
          0.807705682374253
        ]
      },
      "CH-DRA_PROC_AIR:TT18179A.MEAS": {
        "n_points": 146376,
        "mean": 27.118684213553536,
        "std": 12.821993148439882,
        "min": -12.5232811,
        "max": 78.08316803,
        "acf": [
          1.0,
          0.999719040207389,
          0.9990873025556064,
          0.9982282439177199,
          0.9972138624507249,
          0.9960844576024099,
          0.9948620665146062,
          0.9935600263563644,
          0.9921899507608425,
          0.9907589711108274,
          0.9892743994165174,
          0.9877408470440383,
          0.9861642578648229
        ]
      },
      "CH-DRA_PROC_AIR:TT18179B.MEAS": {
        "n_points": 146376,
        "mean": 22.179305360137278,
        "std": 11.185175644251318,
        "min": -13.31690407,
        "max": 60.73644638,
        "acf": [
          1.0,
          0.9997320157504859,
          0.999110056569155,
          0.998220025863073,
          0.997141198457504,
          0.9958983460120141,
          0.9945390881248909,
          0.9930691762673983,
          0.9915139155427627,
          0.9898780082343711,
          0.9881714330586134,
          0.9863978372250968,
          0.9845602614030522
        ]
      },
      "CH-DRA_PROC_AIR:TT18179C.MEAS": {
        "n_points": 146376,
        "mean": 85.84159718654854,
        "std": 30.802893655881796,
        "min": -7.269032001,
        "max": 125.3389359,
        "acf": [
          1.0,
          0.999760261809178,
          0.9991757298926909,
          0.9983908739438082,
          0.9974878172682946,
          0.9965074968298272,
          0.9954601554710035,
          0.9943463270499566,
          0.9931670081809683,
          0.991925606541887,
          0.9906278089114006,
          0.9892790450039368,
          0.9878828583342348
        ]
      }
    }
  },
  "RV-1834": {
    "failure_aligned": {
      "CH-DR_DUSTCOLL:IT18211.MEAS": {
        "n_windows": 5,
        "window_stats": {
          "24h": {
            "avg_mean": 0.7294402226347224,
            "avg_std": 0.09362555142011783,
            "n_failures": 5
          },
          "72h": {
            "avg_mean": 0.7563946751342592,
            "avg_std": 0.11246522120322477,
            "n_failures": 5
          },
          "168h": {
            "avg_mean": 0.7791214899289681,
            "avg_std": 0.07686352372314767,
            "n_failures": 5
          }
        }
      },
      "CH-DR_DUSTCOLL:IT18216.MEAS": {
        "n_windows": 5,
        "window_stats": {
          "24h": {
            "avg_mean": 2.148825647530555,
            "avg_std": 0.2977522178642388,
            "n_failures": 5
          },
          "72h": {
            "avg_mean": 2.246822642675928,
            "avg_std": 0.3388860741068815,
            "n_failures": 5
          },
          "168h": {
            "avg_mean": 2.3098640324761917,
            "avg_std": 0.2475854683857889,
            "n_failures": 5
          }
        }
      },
      "CH-DR_DUSTCOLL:TT18217.MEAS": {
        "n_windows": 5,
        "window_stats": {
          "24h": {
            "avg_mean": 34.733060004875014,
            "avg_std": 3.463648288083639,
            "n_failures": 5
          },
          "72h": {
            "avg_mean": 35.33328329631018,
            "avg_std": 4.47802788164994,
            "n_failures": 5
          },
          "168h": {
            "avg_mean": 33.211263316757915,
            "avg_std": 5.036127795977881,
            "n_failures": 5
          }
        }
      }
    },
    "temporal_structure": {
      "CH-DR_DUSTCOLL:IT18211.MEAS": {
        "n_points": 132246,
        "mean": 0.7515198663554881,
        "std": 0.17832156463625265,
        "min": -0.002567228,
        "max": 1.737362385,
        "acf": [
          1.0,
          0.960406604448636,
          0.940445520023557,
          0.9259788565852101,
          0.90850822571892,
          0.8948971355414942,
          0.8815767611458405,
          0.8691414494465394,
          0.8575460665541149,
          0.8465332771077122,
          0.8352387337608848,
          0.8249666913106768,
          0.8154283826511239
        ]
      },
      "CH-DR_DUSTCOLL:IT18216.MEAS": {
        "n_points": 132030,
        "mean": 2.351153433946302,
        "std": 0.5965946763241844,
        "min": -0.003978281,
        "max": 8.839049339,
        "acf": [
          1.0,
          0.929631117069638,
          0.9131013643130257,
          0.9024224128145084,
          0.8863283760774493,
          0.8721822756942443,
          0.860364858129237,
          0.8500535320790454,
          0.8404447858454659,
          0.8316898257069931,
          0.8229080143606259,
          0.8153675251809985,
          0.8063899406469839
        ]
      },
      "CH-DR_DUSTCOLL:TT18217.MEAS": {
        "n_points": 146376,
        "mean": 27.90292140031834,
        "std": 11.03482159967302,
        "min": -11.29200935,
        "max": 60.67509842,