{
  "BL-1829": {
    "failure_aligned": {},
    "temporal_structure": {
      "CH-DRA_PROC_AIR:IT18179.MEAS": {
        "n_points": 5892,
        "mean": 479.93255941775703,
        "std": 48.78758731333731,
        "min": -1.053581238,
        "max": 501.2138977,
        "acf": [
          1.0,
          0.7577163240306155,
          0.7074716565726787,
          0.6496057571631265,
          0.5610541854823092,
          0.48583557884539685,
          0.4466497444385615,
          0.4162756820643528,
          0.3536058743197979,
          0.32195397363962597,
          0.2966596323047994,
          0.22738652485252084,
          0.24486827021423413
        ]
      },
      "CH-DRA_PROC_AIR:TT18179A.MEAS": {
        "n_points": 6031,
        "mean": 18.152834276935998,
        "std": 4.471396756898139,
        "min": 4.227931499,
        "max": 39.48010635,
        "acf": [
          1.0,
          0.9988785812580898,
          0.9969493835022352,
          0.9939763191030891,
          0.9901214972839901,
          0.985533264561783,
          0.9803296041024727,
          0.9746006092780324,
          0.9684188474452095,
          0.9618499999413156,
          0.9549553567412332,
          0.9477714475553888,
          0.9403082637558688
        ]
      },
      "CH-DRA_PROC_AIR:TT18179B.MEAS": {
        "n_points": 6031,
        "mean": 10.102616221214767,
        "std": 4.571820317908764,
        "min": -3.559972763,
        "max": 27.89975548,
        "acf": [
          1.0,
          0.9995582459867465,
          0.9984288528996524,
          0.9968412602793149,
          0.994954655598547,
          0.9927881471951755,
          0.9903608433666387,
          0.9876918523792098,
          0.9848002824219576,
          0.9817052418167296,
          0.9784256911284097,
          0.9749783683155057,
          0.9713739880594207
        ]
      },
      "CH-DRA_PROC_AIR:TT18179C.MEAS": {
        "n_points": 6031,
        "mean": 85.02601181026708,
        "std": 12.251785723109123,
        "min": 16.11469841,
        "max": 102.7126236,
        "acf": [
          1.0,
          0.9985991316490971,
          0.9954294809449842,
          0.9912250492470387,
          0.986298216050057,
          0.9809531906985179,
          0.9754306310456798,
          0.9697989228176065,
          0.9639391369149297,
          0.9578918816134824,
          0.9515735475954612,
          0.9449243849774736,
          0.9380541716419357
        ]
      }
    }
  },
  "RV-1834": {
    "failure_aligned": {},
    "temporal_structure": {
      "CH-DR_DUSTCOLL:IT18211.MEAS": {
        "n_points": 6030,
        "mean": 0.7688164696267,
        "std": 0.13265648185732995,
        "min": -0.002410315,
        "max": 0.801161408,
        "acf": [
          1.0,
          0.9632947295160261,
          0.9457009648041617,
          0.9367818219139923,
          0.9191698992745811,
          0.9023956405820215,
          0.8884441399815864,
          0.8766951153808085,
          0.8649986984470779,
          0.8525984892681897,
          0.8385067193109386,
          0.8267993834627145,
          0.8196684999676457
        ]
      },
      "CH-DR_DUSTCOLL:IT18216.MEAS": {
        "n_points": 6030,
        "mean": 2.6983969691489142,
        "std": 0.4816111766632131,
        "min": -0.003632344,
        "max": 3.573032618,
        "acf": [
          1.0,
          0.8928788806733304,
          0.8779168481956768,
          0.8695575675201412,
          0.85330013593328,
          0.8396965684227696,
          0.8269670789864358,
          0.8147760266245119,
          0.8037095009088213,
          0.7910115587129383,
          0.7804341595688324,
          0.7713875866075812,
          0.7629729689847601
        ]
      },
      "CH-DR_DUSTCOLL:TT18217.MEAS": {
        "n_points": 6030,
        "mean": 25.007539198148812,
        "std": 5.873046841078361,
        "min": 9.611694336,
        "max": 50.3959198,
        "acf": [
          1.0,
          0.9961477228156069,
          0.9911124798494232,
          0.9855021715446717,
          0.9794167712242066,
          0.9727390067878254,
          0.9656332658337833,
          0.958221735936933,
          0.9505951953256309,
          0.9428530233402665,
          0.935138473034487,
          0.9275282969834502,
          0.9200420313190099
        ]
      }
    }
  },
  "DC-1834": {
    "failure_aligned": {
      "CH-DR_DUSTCOLL:IT18211.MEAS": {
        "n_windows": 1,
        "window_stats": {
          "24h": {
            "avg_mean": 0.6372973165138893,
            "avg_std": 0.3153444137381395,
            "n_failures": 1
          },
          "72h": {
            "avg_mean": 0.7403853379791672,
            "avg_std": 0.19612287605438353,
            "n_failures": 1
          },
          "168h": {
            "avg_mean": 0.7679361492033732,
            "avg_std": 0.13152250779695934,
            "n_failures": 1
          }
        }
      },
      "CH-DR_DUSTCOLL:TT18217.MEAS": {
        "n_windows": 1,
        "window_stats": {
          "24h": {
            "avg_mean": 29.00829090013889,
            "avg_std": 4.153286739421676,
            "n_failures": 1
          },
          "72h": {
            "avg_mean": 26.021352119166675,
            "avg_std": 3.44151205284267,
            "n_failures": 1
          },
          "168h": {
            "avg_mean": 25.91110123639584,
            "avg_std": 5.7506039723249165,
            "n_failures": 1
          }
        }
      }
    },
    "temporal_structure": {
      "CH-DR_DUSTCOLL:IT18211.MEAS": {
        "n_points": 6030,
        "mean": 0.7688164696267,
        "std": 0.13265648185732995,
        "min": -0.002410315,
        "max": 0.801161408,
        "acf": [
          1.0,
          0.9632947295160261,
          0.9457009648041617,
          0.9367818219139923,
          0.9191698992745811,
          0.9023956405820215,
          0.8884441399815864,
          0.8766951153808085,
          0.8649986984470779,
          0.8525984892681897,
          0.8385067193109386,
          0.8267993834627145,
          0.8196684999676457
        ]
      },
      "CH-DR_DUSTCOLL:TT18217.MEAS": {
        "n_points": 6030,
        "mean": 25.007539198148812,
        "std": 5.873046841078361,
        "min": 9.611694336,
        "max": 50.3959198,
        "acf": [
          1.0,
          0.9961477228156069,
          0.9911124798494232,
          0.9855021715446717,
          0.9794167712242066,
          0.9727390067878254,
          0.9656332658337833,
          0.958221735936933,
          0.9505951953256309,
          0.9428530233402665,
          0.935138473034487,
          0.9275282969834502,
          0.9200420313190099
        ]
      }
    }
  }
}